stage_id,round,count,hp,atk,spd,heal
bal_normal_30,1,3,1.000,1.000,1.000,1.000
bal_normal_30,2,6,1.030,1.020,1.007,1.014
bal_normal_30,3,10,1.061,1.040,1.014,1.028
bal_normal_30,4,15,1.093,1.061,1.021,1.043
bal_normal_30,5,15,1.126,1.082,1.028,1.058
bal_normal_30,6,22,1.159,1.104,1.034,1.072
bal_normal_30,7,23,1.194,1.126,1.041,1.088
bal_normal_30,8,25,1.230,1.149,1.048,1.103
bal_normal_30,9,29,1.267,1.172,1.055,1.118
bal_normal_30,10,22,1.305,1.195,1.062,1.134
bal_normal_30,11,30,1.344,1.219,1.069,1.150
bal_normal_30,12,31,1.384,1.243,1.076,1.166
bal_normal_30,13,34,1.426,1.268,1.083,1.183
bal_normal_30,14,34,1.469,1.294,1.090,1.199
bal_normal_30,15,34,1.513,1.319,1.097,1.216
bal_normal_30,16,38,1.558,1.346,1.103,1.233
bal_normal_30,17,39,1.605,1.373,1.110,1.251
bal_normal_30,18,40,1.653,1.400,1.117,1.268
bal_normal_30,19,40,1.702,1.428,1.124,1.286
bal_normal_30,20,34,1.754,1.457,1.131,1.304
bal_normal_30,21,39,1.806,1.486,1.138,1.323
bal_normal_30,22,41,1.860,1.516,1.145,1.341
bal_normal_30,23,39,1.916,1.546,1.152,1.360
bal_normal_30,24,39,1.974,1.577,1.159,1.379
bal_normal_30,25,39,2.033,1.608,1.166,1.399
bal_normal_30,26,41,2.094,1.641,1.172,1.418
bal_normal_30,27,40,2.157,1.673,1.179,1.438
bal_normal_30,28,40,2.221,1.707,1.186,1.459
bal_normal_30,29,41,2.288,1.741,1.193,1.479
bal_normal_30,30,16,2.357,1.776,1.200,1.500
bal_hard_50,1,12,1.850,1.700,1.000,1.700
bal_hard_50,2,14,1.957,1.768,1.007,1.776
bal_hard_50,3,15,2.071,1.839,1.014,1.856
bal_hard_50,4,17,2.191,1.912,1.021,1.940
bal_hard_50,5,19,2.318,1.989,1.029,2.027
bal_hard_50,6,20,2.452,2.068,1.036,2.119
bal_hard_50,7,22,2.595,2.151,1.043,2.214
bal_hard_50,8,24,2.745,2.237,1.050,2.313
bal_hard_50,9,26,2.904,2.327,1.057,2.418
bal_hard_50,10,11,3.073,2.420,1.064,2.526
bal_hard_50,11,29,3.251,2.516,1.071,2.640
bal_hard_50,12,31,3.440,2.617,1.079,2.759
bal_hard_50,13,32,3.639,2.722,1.086,2.883
bal_hard_50,14,34,3.850,2.831,1.093,3.013
bal_hard_50,15,36,4.074,2.944,1.100,3.148
bal_hard_50,16,38,4.310,3.062,1.107,3.290
bal_hard_50,17,39,4.560,3.184,1.114,3.438
bal_hard_50,18,41,4.824,3.311,1.121,3.593
bal_hard_50,19,43,5.104,3.444,1.129,3.754
bal_hard_50,20,18,5.400,3.582,1.136,3.923
bal_hard_50,21,46,5.713,3.725,1.143,4.100
bal_hard_50,22,48,6.045,3.874,1.150,4.284
bal_hard_50,23,49,6.395,4.029,1.157,4.477
bal_hard_50,24,51,6.766,4.190,1.164,4.679
bal_hard_50,25,53,7.159,4.358,1.171,4.889
bal_hard_50,26,54,7.574,4.532,1.179,5.109
bal_hard_50,27,56,8.013,4.713,1.186,5.339
bal_hard_50,28,58,8.478,4.902,1.193,5.579
bal_hard_50,29,60,8.970,5.098,1.200,5.830
bal_hard_50,30,25,9.490,5.302,1.207,6.093
bal_hard_50,31,63,10.040,5.514,1.214,6.367
bal_hard_50,32,65,10.623,5.734,1.221,6.654
bal_hard_50,33,66,11.239,5.964,1.229,6.953
bal_hard_50,34,68,11.890,6.202,1.236,7.266
bal_hard_50,35,70,12.580,6.450,1.243,7.593
bal_hard_50,36,72,13.310,6.708,1.250,7.934
bal_hard_50,37,73,14.082,6.977,1.257,8.292
bal_hard_50,38,75,14.898,7.256,1.264,8.665
bal_hard_50,39,77,15.763,7.546,1.271,9.055
bal_hard_50,40,31,16.677,7.848,1.279,9.462
bal_hard_50,41,80,17.644,8.162,1.286,9.888
bal_hard_50,42,82,18.667,8.488,1.293,10.333
bal_hard_50,43,83,19.750,8.828,1.300,10.798
bal_hard_50,44,85,20.896,9.181,1.307,11.284
bal_hard_50,45,87,22.108,9.548,1.314,11.791
bal_hard_50,46,88,23.390,9.930,1.321,12.322
bal_hard_50,47,90,24.746,10.327,1.329,12.877
bal_hard_50,48,92,26.182,10.740,1.336,13.456
bal_hard_50,49,94,27.700,11.170,1.343,14.061
bal_hard_50,50,38,29.307,11.617,1.350,14.694
bal_hell_100,1,20,35.000,14.000,1.000,15.000
bal_hell_100,2,21,36.225,14.350,1.005,15.525
bal_hell_100,3,22,37.493,14.709,1.010,16.068
bal_hell_100,4,23,38.805,15.076,1.015,16.631
bal_hell_100,5,24,40.163,15.453,1.020,17.213
bal_hell_100,6,25,41.569,15.840,1.025,17.815
bal_hell_100,7,26,43.024,16.236,1.030,18.439
bal_hell_100,8,27,44.530,16.642,1.035,19.084
bal_hell_100,9,28,46.088,17.058,1.040,19.752
bal_hell_100,10,12,47.701,17.484,1.045,20.443
bal_hell_100,11,30,49.371,17.921,1.050,21.159
bal_hell_100,12,31,51.099,18.369,1.055,21.900
bal_hell_100,13,32,52.887,18.828,1.060,22.666
bal_hell_100,14,33,54.738,19.299,1.065,23.459
bal_hell_100,15,34,56.654,19.782,1.070,24.280
bal_hell_100,16,35,58.637,20.276,1.075,25.130
bal_hell_100,17,36,60.690,20.783,1.080,26.010
bal_hell_100,18,37,62.814,21.303,1.085,26.920
bal_hell_100,19,38,65.012,21.835,1.090,27.862
bal_hell_100,20,16,67.288,22.381,1.095,28.838
bal_hell_100,21,40,69.643,22.941,1.100,29.847
bal_hell_100,22,41,72.080,23.514,1.105,30.891
bal_hell_100,23,42,74.603,24.102,1.110,31.973
bal_hell_100,24,43,77.214,24.705,1.115,33.092
bal_hell_100,25,44,79.916,25.322,1.120,34.250
bal_hell_100,26,45,82.714,25.955,1.125,35.449
bal_hell_100,27,46,85.609,26.604,1.130,36.689
bal_hell_100,28,47,88.605,27.269,1.135,37.974
bal_hell_100,29,48,91.706,27.951,1.140,39.303
bal_hell_100,30,20,94.916,28.650,1.145,40.678
bal_hell_100,31,50,98.238,29.366,1.150,42.102
bal_hell_100,32,51,101.676,30.100,1.155,43.575
bal_hell_100,33,52,105.235,30.853,1.160,45.101
bal_hell_100,34,53,108.918,31.624,1.165,46.679
bal_hell_100,35,54,112.730,32.415,1.170,48.313
bal_hell_100,36,55,116.676,33.225,1.175,50.004
bal_hell_100,37,56,120.759,34.055,1.180,51.754
bal_hell_100,38,57,124.986,34.907,1.185,53.565
bal_hell_100,39,58,129.360,35.780,1.190,55.440
bal_hell_100,40,24,133.888,36.674,1.195,57.381
bal_hell_100,41,60,138.574,37.591,1.200,59.389
bal_hell_100,42,61,143.424,38.531,1.205,61.468
bal_hell_100,43,62,148.444,39.494,1.210,63.619
bal_hell_100,44,63,153.640,40.481,1.215,65.846
bal_hell_100,45,64,159.017,41.493,1.220,68.150
bal_hell_100,46,65,164.583,42.531,1.225,70.535
bal_hell_100,47,66,170.343,43.594,1.230,73.004
bal_hell_100,48,67,176.305,44.684,1.235,75.559
bal_hell_100,49,68,182.476,45.801,1.240,78.204
bal_hell_100,50,28,188.862,46.946,1.245,80.941
bal_hell_100,51,70,195.472,48.120,1.250,83.774
bal_hell_100,52,71,202.314,49.323,1.255,86.706
bal_hell_100,53,72,209.395,50.556,1.260,89.741
bal_hell_100,54,73,216.724,51.819,1.265,92.882
bal_hell_100,55,74,224.309,53.115,1.270,96.132
bal_hell_100,56,75,232.160,54.443,1.275,99.497
bal_hell_100,57,76,240.286,55.804,1.280,102.980
bal_hell_100,58,77,248.696,57.199,1.285,106.584
bal_hell_100,59,78,257.400,58.629,1.290,110.314
bal_hell_100,60,32,266.409,60.095,1.295,114.175
bal_hell_100,61,80,275.733,61.597,1.300,118.171
bal_hell_100,62,81,285.384,63.137,1.305,122.307
bal_hell_100,63,82,295.372,64.715,1.310,126.588
bal_hell_100,64,83,305.710,66.333,1.315,131.019
bal_hell_100,65,84,316.410,67.992,1.320,135.604
bal_hell_100,66,85,327.485,69.691,1.325,140.351
bal_hell_100,67,86,338.946,71.434,1.330,145.263
bal_hell_100,68,87,350.810,73.220,1.335,150.347
bal_hell_100,69,88,363.088,75.050,1.340,155.609
bal_hell_100,70,36,375.796,76.926,1.345,161.055
bal_hell_100,71,90,388.949,78.849,1.350,166.692
bal_hell_100,72,91,402.562,80.821,1.355,172.527
bal_hell_100,73,92,416.652,82.841,1.360,178.565
bal_hell_100,74,93,431.235,84.912,1.365,184.815
bal_hell_100,75,94,446.328,87.035,1.370,191.283
bal_hell_100,76,95,461.949,89.211,1.375,197.978
bal_hell_100,77,96,478.117,91.441,1.380,204.907
bal_hell_100,78,97,494.852,93.727,1.385,212.079
bal_hell_100,79,98,512.171,96.070,1.390,219.502
bal_hell_100,80,40,530.097,98.472,1.395,227.185
bal_hell_100,81,100,548.651,100.934,1.400,235.136
bal_hell_100,82,101,567.854,103.457,1.405,243.366
bal_hell_100,83,102,587.728,106.044,1.410,251.884
bal_hell_100,84,103,608.299,108.695,1.415,260.700
bal_hell_100,85,104,629.589,111.412,1.420,269.824
bal_hell_100,86,105,651.625,114.197,1.425,279.268
bal_hell_100,87,106,674.432,117.052,1.430,289.042
bal_hell_100,88,107,698.037,119.979,1.435,299.159
bal_hell_100,89,108,722.468,122.978,1.440,309.629
bal_hell_100,90,44,747.755,126.053,1.445,320.466
bal_hell_100,91,110,773.926,129.204,1.450,331.683
bal_hell_100,92,111,801.014,132.434,1.455,343.292
bal_hell_100,93,112,829.049,135.745,1.460,355.307
bal_hell_100,94,113,858.066,139.139,1.465,367.742
bal_hell_100,95,114,888.098,142.617,1.470,380.613
bal_hell_100,96,115,919.181,146.182,1.475,393.935
bal_hell_100,97,116,951.353,149.837,1.480,407.723
bal_hell_100,98,117,984.650,153.583,1.485,421.993
bal_hell_100,99,118,1019.113,157.423,1.490,436.763
bal_hell_100,100,48,1054.782,161.358,1.495,452.049
