stage_id,round,count
stage_normal_30,1,5
stage_normal_30,2,11
stage_normal_30,3,13
stage_normal_30,4,14
stage_normal_30,5,15
stage_normal_30,6,16
stage_normal_30,7,18
stage_normal_30,8,19
stage_normal_30,9,20
stage_normal_30,10,9
stage_normal_30,11,23
stage_normal_30,12,24
stage_normal_30,13,26
stage_normal_30,14,27
stage_normal_30,15,28
stage_normal_30,16,30
stage_normal_30,17,31
stage_normal_30,18,32
stage_normal_30,19,33
stage_normal_30,20,14
stage_normal_30,21,36
stage_normal_30,22,37
stage_normal_30,23,39
stage_normal_30,24,40
stage_normal_30,25,41
stage_normal_30,26,42
stage_normal_30,27,44
stage_normal_30,28,45
stage_normal_30,29,46
stage_normal_30,30,19
stage_hard_50,1,12
stage_hard_50,2,14
stage_hard_50,3,15
stage_hard_50,4,17
stage_hard_50,5,19
stage_hard_50,6,20
stage_hard_50,7,22
stage_hard_50,8,24
stage_hard_50,9,26
stage_hard_50,10,11
stage_hard_50,11,29
stage_hard_50,12,31
stage_hard_50,13,32
stage_hard_50,14,34
stage_hard_50,15,36
stage_hard_50,16,38
stage_hard_50,17,39
stage_hard_50,18,41
stage_hard_50,19,43
stage_hard_50,20,18
stage_hard_50,21,46
stage_hard_50,22,48
stage_hard_50,23,49
stage_hard_50,24,51
stage_hard_50,25,53
stage_hard_50,26,54
stage_hard_50,27,56
stage_hard_50,28,58
stage_hard_50,29,60
stage_hard_50,30,25
stage_hard_50,31,63
stage_hard_50,32,65
stage_hard_50,33,66
stage_hard_50,34,68
stage_hard_50,35,70
stage_hard_50,36,72
stage_hard_50,37,73
stage_hard_50,38,75
stage_hard_50,39,77
stage_hard_50,40,31
stage_hard_50,41,80
stage_hard_50,42,82
stage_hard_50,43,83
stage_hard_50,44,85
stage_hard_50,45,87
stage_hard_50,46,88
stage_hard_50,47,90
stage_hard_50,48,92
stage_hard_50,49,94
stage_hard_50,50,38
